"Kod";"Nazwa";"Zakres przedmiotowy";"Rodzaje oddziałów";"Rok";"Wartosc";"Jednostka miary";"Atrybut";
0000000;"POLSKA";"oddziały";"geriatryczne";"2018";52;"-";"";
0000000;"POLSKA";"oddziały";"geriatryczne";"2019";52;"-";"";
0000000;"POLSKA";"oddziały";"geriatryczne";"2020";51;"-";"";
0000000;"POLSKA";"oddziały";"geriatryczne";"2021";51;"-";"";
0000000;"POLSKA";"oddziały";"geriatryczne";"2022";62;"-";"";
0000000;"POLSKA";"łóżka na oddziałach";"geriatryczne";"2018";1143;"-";"";
0000000;"POLSKA";"łóżka na oddziałach";"geriatryczne";"2019";1097;"-";"";
0000000;"POLSKA";"łóżka na oddziałach";"geriatryczne";"2020";1045;"-";"";
0000000;"POLSKA";"łóżka na oddziałach";"geriatryczne";"2021";1048;"-";"";
0000000;"POLSKA";"łóżka na oddziałach";"geriatryczne";"2022";1228;"-";"";
0000000;"POLSKA";"leczeni na oddziałach (łącznie z ruchem międzyoddziałowym)";"geriatryczne";"2018";31881;"osoba";"";
0000000;"POLSKA";"leczeni na oddziałach (łącznie z ruchem międzyoddziałowym)";"geriatryczne";"2019";32458;"osoba";"";
0000000;"POLSKA";"leczeni na oddziałach (łącznie z ruchem międzyoddziałowym)";"geriatryczne";"2020";21860;"osoba";"";
0000000;"POLSKA";"leczeni na oddziałach (łącznie z ruchem międzyoddziałowym)";"geriatryczne";"2021";21253;"osoba";"";
0000000;"POLSKA";"leczeni na oddziałach (łącznie z ruchem międzyoddziałowym)";"geriatryczne";"2022";27458;"osoba";"";
