"Kod";"Nazwa";"Wykaz";"Rok";"Wartosc";"Jednostka miary";"Atrybut";
0000000;"POLSKA";"kuracjusze leczeni stacjonarnie w wieku 65 lat i więcej";"2018";;"osoba";"";
0000000;"POLSKA";"kuracjusze leczeni stacjonarnie w wieku 65 lat i więcej";"2019";;"osoba";"";
0000000;"POLSKA";"kuracjusze leczeni stacjonarnie w wieku 65 lat i więcej";"2020";185021;"osoba";"";
0000000;"POLSKA";"kuracjusze leczeni stacjonarnie w wieku 65 lat i więcej";"2021";278789;"osoba";"";
0000000;"POLSKA";"kuracjusze leczeni stacjonarnie w wieku 65 lat i więcej";"2022";415206;"osoba";"";
0000000;"POLSKA";"liczba dni pobytu kuracjuszy w wieku 65 lat i więcej (osobodni)";"2018";;"osoba/dz.";"";
0000000;"POLSKA";"liczba dni pobytu kuracjuszy w wieku 65 lat i więcej (osobodni)";"2019";;"osoba/dz.";"";
0000000;"POLSKA";"liczba dni pobytu kuracjuszy w wieku 65 lat i więcej (osobodni)";"2020";3137082;"osoba/dz.";"";
0000000;"POLSKA";"liczba dni pobytu kuracjuszy w wieku 65 lat i więcej (osobodni)";"2021";4581240;"osoba/dz.";"";
0000000;"POLSKA";"liczba dni pobytu kuracjuszy w wieku 65 lat i więcej (osobodni)";"2022";6730933;"osoba/dz.";"";
